{
  "$schema": "https://json-schema.org/draft/2020-12/schema",
  "$id": "https://robotto.local/schemas/outputs.contract.json",
  "title": "Contrato de saída (4 outputs)",
  "type": "object",
  "required": [
    "resumo",
    "sinaisAlarme",
    "cuidados",
    "viaAtendimento"
  ],
  "properties": {
    "resumo": {
      "type": "string"
    },
    "sinaisAlarme": {
      "type": "array",
      "items": {
        "type": "string"
      }
    },
    "cuidados": {
      "type": "array",
      "items": {
        "type": "string"
      }
    },
    "viaAtendimento": {
      "type": "string",
      "enum": [
        "ambulatorio_rotina",
        "telemedicina",
        "emergencia_geral",
        "emergencia_especializada"
      ]
    }
  },
  "additionalProperties": false
}
