{
  "version": "2.0.0",
  "area": "nariz",
  "intake": {
    "symptoms": [
      { "id": "obstrucao_nasal", "label": "Nariz entupido (obstrução nasal)", "aliases": ["congestão nasal", "nariz trancado"], "weights": 1.0 },
      { "id": "rinorreia", "label": "Coriza/saída nasal (rinorreia)", "aliases": ["nariz escorrendo", "catarro nasal"], "weights": 1.0 },
      { "id": "espirros", "label": "Espíros repetidos", "aliases": ["espirrando muito"], "weights": 1.0 },
      { "id": "dor_face", "label": "Dor/pressão na face", "aliases": ["dor nos seios da face", "pressão facial"], "weights": 1.0 },
      { "id": "hiposmia", "label": "Redução do olfato (hiposmia)", "aliases": ["cheiro fraco", "sem olfato"], "weights": 0.8 },
      { "id": "febre", "label": "Febre", "aliases": [], "weights": 0.8 }
    ],
    "modifiers": [
      { "id": "duracao_dias", "type": "number", "unit": "d" }
    ]
  },
  "dx": [
    {
      "id": "rinite_alergica",
      "label": "Rinite alérgica",
      "pretest": 0.20,
      "criteria": [
        { "if": ["espirros", "rinorreia", "obstrucao_nasal"], "weight": 2.0 },
        { "if": ["hiposmia"], "lr-": 0.7 }
      ],
      "heuristics": [],
      "red_flags": []
    },
    {
      "id": "sinusite_aguda_nao_complicada",
      "label": "Sinusite aguda não complicada",
      "pretest": 0.08,
      "criteria": [
        { "if": ["dor_face"], "lr+": 2.0 },
        { "if": ["febre"], "lr+": 1.3 },
        { "if": ["duracao_dias"], "weight": 1.1 }
      ],
      "heuristics": [],
      "red_flags": []
    }
  ],
  "profiles": {},
  "via_atendimento": {}
}
